{
  "split": "train",
  "max_len": 256,
  "stride": 128,
  "agg": "topk",
  "topk": 3,
  "threshold": 0.3,
  "macro_f1": 0.7444566082802547,
  "confusion_matrix_labels": [
    "real",
    "fake"
  ],
  "confusion_matrix": [
    [
      239,
      108
    ],
    [
      54,
      233
    ]
  ],
  "report": {
    "real": {
      "precision": 0.8156996587030717,
      "recall": 0.6887608069164265,
      "f1-score": 0.746875,
      "support": 347.0
    },
    "fake": {
      "precision": 0.6832844574780058,
      "recall": 0.8118466898954704,
      "f1-score": 0.7420382165605095,
      "support": 287.0
    },
    "accuracy": 0.7444794952681388,
    "macro avg": {
      "precision": 0.7494920580905388,
      "recall": 0.7503037484059485,
      "f1-score": 0.7444566082802547,
      "support": 634.0
    },
    "weighted avg": {
      "precision": 0.7557577616185388,
      "recall": 0.7444794952681388,
      "f1-score": 0.7446854781590949,
      "support": 634.0
    }
  }
}