{
  "split": "test",
  "max_len": 256,
  "stride": 128,
  "agg": "topk",
  "topk": 3,
  "threshold": 0.3,
  "macro_f1": 0.5951417004048583,
  "confusion_matrix_labels": [
    "real",
    "fake"
  ],
  "confusion_matrix": [
    [
      84,
      65
    ],
    [
      40,
      71
    ]
  ],
  "report": {
    "real": {
      "precision": 0.6774193548387096,
      "recall": 0.5637583892617449,
      "f1-score": 0.6153846153846154,
      "support": 149.0
    },
    "fake": {
      "precision": 0.5220588235294118,
      "recall": 0.6396396396396397,
      "f1-score": 0.5748987854251012,
      "support": 111.0
    },
    "accuracy": 0.5961538461538461,
    "macro avg": {
      "precision": 0.5997390891840607,
      "recall": 0.6016990144506923,
      "f1-score": 0.5951417004048583,
      "support": 260.0
    },
    "weighted avg": {
      "precision": 0.6110923587797401,
      "recall": 0.5961538461538461,
      "f1-score": 0.5981002802865151,
      "support": 260.0
    }
  }
}