{
  "split": "train",
  "max_len": 256,
  "stride": 128,
  "agg": "max",
  "topk": 3,
  "threshold": 0.45,
  "macro_f1": 0.7420235803957692,
  "confusion_matrix_labels": [
    "real",
    "fake"
  ],
  "confusion_matrix": [
    [
      254,
      93
    ],
    [
      70,
      217
    ]
  ],
  "report": {
    "real": {
      "precision": 0.7839506172839507,
      "recall": 0.7319884726224783,
      "f1-score": 0.7570789865871833,
      "support": 347.0
    },
    "fake": {
      "precision": 0.7,
      "recall": 0.7560975609756098,
      "f1-score": 0.7269681742043551,
      "support": 287.0
    },
    "accuracy": 0.7429022082018928,
    "macro avg": {
      "precision": 0.7419753086419754,
      "recall": 0.744043016799044,
      "f1-score": 0.7420235803957692,
      "support": 634.0
    },
    "weighted avg": {
      "precision": 0.7459477353273357,
      "recall": 0.7429022082018928,
      "f1-score": 0.7434483822435372,
      "support": 634.0
    }
  }
}